{"cameraMode":{"drawMode":0,"name":"Shaded","section":"Shading Mode"},"sceneLighting":true,"audioPlay":false,"sceneViewState":{"m_AlwaysRefresh":false,"showFog":true,"showSkybox":true,"showFlares":true,"showImageEffects":true,"showParticleSystems":true,"showVisualEffectGraphs":true,"m_FxEnabled":true},"in2DMode":false,"pivot":{"x":2.2196390628814699,"y":-26.979415893554689,"z":59.78446578979492},"rotation":{"x":-0.01305383164435625,"y":-0.9747819900512695,"z":-0.21481075882911683,"w":0.059473101049661639},"size":21.666032791137697,"orthographic":false}