{"cameraMode":{"drawMode":0,"name":"Shaded","section":"Shading Mode"},"sceneLighting":true,"audioPlay":false,"sceneViewState":{"m_AlwaysRefresh":false,"showFog":true,"showSkybox":true,"showFlares":true,"showImageEffects":true,"showParticleSystems":true,"showVisualEffectGraphs":true,"m_FxEnabled":true},"in2DMode":false,"pivot":{"x":-3.0512540340423586,"y":0.08932721614837647,"z":25.812707901000978},"rotation":{"x":-0.026035504415631295,"y":0.06951256096363068,"z":-0.0018166080117225648,"w":-0.9972385764122009},"size":11.886523246765137,"orthographic":false}