{"cameraMode":{"drawMode":0,"name":"Shaded","section":"Shading Mode"},"sceneLighting":true,"audioPlay":false,"sceneViewState":{"m_AlwaysRefresh":false,"showFog":true,"showSkybox":true,"showFlares":true,"showImageEffects":true,"showParticleSystems":true,"showVisualEffectGraphs":true,"m_FxEnabled":true},"in2DMode":false,"pivot":{"x":1.3733091354370118,"y":0.8940896987915039,"z":12.722556114196778},"rotation":{"x":0.22567321360111237,"y":-0.30508947372436526,"z":0.07466057687997818,"w":0.9221813678741455},"size":27.08634376525879,"orthographic":false}